{
  "num_features": 6,
  "d_model": 64,
  "n_heads": 4,
  "n_layers": 2,
  "dim_ff": 128,
  "dropout": 0.3,
  "seq_len": 10,
  "feature_cols": [
    "voltage_mean",
    "voltage_std",
    "current_mean",
    "temperature_mean",
    "discharge_capacity",
    "c_rate"
  ],
  "metrics": {
    "mse": 9.68288877629675e-05,
    "rmse": 0.009840167127549648,
    "mae": 0.008847298100590706,
    "r2": 0.9971259832382202
  }
}